[
  {
    "id": 0,
    "question": "计算2024年7月份居民消费价格的平均同比涨跌幅。",
    "answer": "@mean_yoy_change[0.20]",
    "status": "correct"
  },
  {
    "id": 1,
    "question": "计算2024年7月份居民消费价格的平均环比涨跌幅。",
    "answer": "@mean_mom_change[0.10]",
    "status": "correct"
  },
  {
    "id": 2,
    "question": "2024年7月份农村居民消费价格与去年相比的百分比变化是多少？",
    "answer": "@percentage_change[1.45]",
    "status": "correct"
  },
  {
    "id": 3,
    "question": "2024年城市居民消费价格相较2023年整体涨跌幅是多少？",
    "answer": "@percentage_change[2.31]",
    "status": "correct"
  },
   {
    "id": 4,
    "question": "计算所有人事部门员工的平均薪资。",
    "answer": "@mean_salary[12885.15]",
    "status": "correct"
  },
  {
    "id": 5,
    "question": "财务部门员工的总数是多少？",
    "answer": "@total_employees_in_finance[3]",
    "status": "correct"
  },
  {
    "id": 6,
    "question": "查找薪资最高的员工。",
    "answer": "@highest_salary_employee[李洋]",
    "status": "correct"
  },
  {
    "id": 7,
    "question": "计算人事部门员工的平均绩效评分。",
    "answer": "@mean_performance_score[2.79]",
    "status": "correct"
  },
  {
    "id": 8,
    "question": "计算2023年所有地区的平均收入。",
    "answer": "@mean_income_2023[40352.64]",
    "status": "correct"
  },
  {
    "id": 9,
    "question": "找出2023年收入最高的地区。",
    "answer": "@max_income_region_2023[广东省]",
    "status": "correct"
  },
  {
    "id": 10,
    "question": "北京市2023年相较于2022年收入增长了多少百分比？",
    "answer": "@bj_income_growth_2023[5.34]",
    "status": "correct"
  },
  {
    "id": 11,
    "question": "哪一年河北省的收入首次超过30000元？",
    "answer": "@first_year_hebei_above_30k[2017年]",
    "status": "correct"
  },
   {
    "id": 12,
    "question": "计算所有销售记录的总销售金额。",
    "answer": "@total_sales[121332.45]",
    "status": "correct"
  },
  {
    "id": 13,
    "question": "促销销售的平均销售金额是多少？",
    "answer": "@promo_avg_sales[4044.42]",
    "status": "correct"
  },
  {
    "id": 14,
    "question": "哪个产品ID的总销售金额最高？",
    "answer": "@top_sales_product_id[P1466]",
    "status": "correct"
  },
  {
    "id": 15,
    "question": "非促销情况下的总销售量是多少？",
    "answer": "@non_promo_total_quantity[639]",
    "status": "correct"
  },
  {
    "id": 16,
    "question": "所有物品的平均实际报价是多少？",
    "answer": "@avg_actual_quote[2756.75]",
    "status": "correct"
  },
  {
    "id": 17,
    "question": "有多少申请单的实际报价高于预算？",
    "answer": "@over_budget_count[12]",
    "status": "correct"
  },
  {
    "id": 18,
    "question": "京东提供的最贵商品的实际报价是多少？",
    "answer": "@jd_max_price[2523.47]",
    "status": "correct"
  },
  {
    "id": 19,
    "question": "所有已批准申请的总预算是多少？",
    "answer": "@approved_total_budget[24200]",
    "status": "correct"
  },
  {
    "id": 20,
    "question": "所有员工的加班总天数是多少？",
    "answer": "@total_overtime_days[41.0]",
    "status": "correct"
  },
  {
    "id": 21,
    "question": "北京分公司的员工总迟到次数是多少？",
    "answer": "@beijing_late_total[51]",
    "status": "correct"
  },
  {
    "id": 22,
    "question": "哪位员工的旷工次数最多？",
    "answer": "@max_absent_employee[秦灿灿]",
    "status": "correct"
  },
  {
    "id": 23,
    "question": "有多少员工请了假（请假天数不为0）？",
    "answer": "@leave_count[10]",
    "status": "correct"
  },
  {
    "id": 24,
    "question": "一共收到了多少条‘严重’的问题反馈？",
    "answer": "@severe_issue_count[8]",
    "status": "correct"
  },
  {
    "id": 25,
    "question": "客户的平均满意度是多少？",
    "answer": "@avg_satisfaction[3.2]",
    "status": "correct"
  },
  {
    "id": 26,
    "question": "‘物流部’负责处理了多少条客户反馈？",
    "answer": "@logistics_feedback_count[3]",
    "status": "correct"
  },
  {
    "id": 27,
    "question": "所有状态为‘待处理’的反馈中，满意度最低的是哪位客户？",
    "answer": "@lowest_pending_customer[C004]",
    "status": "correct"
  },
  {
    "id": 28,
    "question": "所有月份的访问人气总和是多少？",
    "answer": "@total_visitors[40988336]",
    "status": "correct"
  },
  {
    "id": 29,
    "question": "哪一个月份的浏览热度最高？",
    "answer": "@max_browse_month[45200]",
    "status": "correct"
  },
  {
    "id": 30,
    "question": "平均收藏人气是多少？",
    "answer": "@avg_favorite_popularity[639653.92]",
    "status": "correct"
  },
  {
    "id": 31,
    "question": "哪一个月份的加购热度最低？",
    "answer": "@min_cart_month[45108]",
    "status": "correct"
  },
  {
    "id": 32,
    "question": "所有货物的总重量是多少（千克）？",
    "answer": "@total_weight[2534]",
    "status": "correct"
  },
  {
    "id": 33,
    "question": "使用空运运输的货物有多少件？",
    "answer": "@air_shipment_count[8]",
    "status": "correct"
  },
  {
    "id": 34,
    "question": "当前状态为“已签收”的货物数量是多少？",
    "answer": "@signed_count[4]",
    "status": "correct"
  },
  {
    "id": 35,
    "question": "哪位收货人接收了重量最大的货物？",
    "answer": "@heaviest_receiver[马思琪]",
    "status": "correct"
  },
  {
    "id": 36,
    "question": "所有订单的商品总数量是多少？",
    "answer": "@total_order_quantity[61]",
    "status": "correct"
  },
  {
    "id": 37,
    "question": "有多少订单是“退货”状态？",
    "answer": "@return_order_count[7]",
    "status": "correct"
  },
  {
    "id": 38,
    "question": "哪一个客户下的订单数量最多？",
    "answer": "@top_customer[郑清影]",
    "status": "correct"
  },
  {
    "id": 39,
    "question": "总共有多少种不同的退货/换货原因？",
    "answer": "@unique_return_reasons[5]",
    "status": "correct"
  },
  {
    "id": 40,
    "question": "总得分的平均值是多少？",
    "answer": "@average_score[75.74]",
    "status": "correct"
  },
  {
    "id": 41,
    "question": "哪位学生的校次排名最低（最靠前）？",
    "answer": "@top_school_rank_student[曹玉凤]",
    "status": "correct"
  },
  {
    "id": 42,
    "question": "哪位学生的客观题得分最高？",
    "answer": "@top_objective_score_student[陈虹]",
    "status": "correct"
  },
  {
    "id": 43,
    "question": "班级排名为第1的学生有多少人？",
    "answer": "@top_class_rank_count[1]",
    "status": "correct"
  },
  {
    "id": 44,
    "question": "收现的平均值是多少？",
    "answer": "@average_cash[449.32]",
    "status": "correct"
  },
  {
    "id": 45,
    "question": "哪辆车的收现金额最高？",
    "answer": "@top_cash_vehicle[小计]",
    "status": "correct"
  },
  {
    "id": 46,
    "question": "哪个单位的车辆数量最多？",
    "answer": "@most_common_unit[和平]",
    "status": "correct"
  },
  {
    "id": 47,
    "question": "车型为“挂车”的车辆共有多少辆？",
    "answer": "@trailer_count[13]",
    "status": "correct"
  },
  {
    "id": 48,
    "question": "员工的平均实发工资是多少？",
    "answer": "@average_net_salary[6549.92]",
    "status": "correct"
  },
  {
    "id": 49,
    "question": "实发工资最高的员工是谁？",
    "answer": "@top_net_salary_employee[许银姣]",
    "status": "correct"
  },
  {
    "id": 50,
    "question": "财务部共有多少位员工？",
    "answer": "@finance_department_count[4]",
    "status": "correct"
  },
  {
    "id": 51,
    "question": "所有员工应发工资的总和是多少？",
    "answer": "@total_gross_salary[177600]",
    "status": "correct"
  },
  {
    "id": 52,
    "question": "所有资产的当前平均价值是多少？",
    "answer": "@average_asset_value[5351.67]",
    "status": "correct"
  },
  {
    "id": 53,
    "question": "当前价值最高的资产编号是什么？",
    "answer": "@most_valuable_asset[AST-6652]",
    "status": "correct"
  },
  {
    "id": 54,
    "question": "打印机类型的资产共有多少件？",
    "answer": "@printer_count[8]",
    "status": "correct"
  },
  {
    "id": 55,
    "question": "所有资产的总当前价值是多少？",
    "answer": "@total_asset_value[133791.64]",
    "status": "correct"
  },
  {
    "id": 56,
    "question": "所有广告的平均点击率是多少？",
    "answer": "@average_ctr[0.0276]",
    "status": "correct"
  },
  {
    "id": 57,
    "question": "转化率最高的广告名称是什么？",
    "answer": "@top_conversion_ad[冬季滑雪]",
    "status": "correct"
  },
  {
    "id": 58,
    "question": "所有广告的平均每点击成本（CPC）是多少？",
    "answer": "@average_cpc[0.62]",
    "status": "correct"
  },
  {
    "id": 59,
    "question": "投放平台为微博的广告有多少个？",
    "answer": "@weibo_ad_count[2]",
    "status": "correct"
  },
  {
    "id": 60,
    "question": "所有会议的平均参会人数是多少？",
    "answer": "@average_participants[13.87]",
    "status": "correct"
  },
  {
    "id": 61,
    "question": "参会人数最多的会议室是哪一个？",
    "answer": "@most_popular_room[201(10人)]",
    "status": "correct"
  },
  {
    "id": 62,
    "question": "周一的预约会议有多少个？",
    "answer": "@monday_meeting_count[7]",
    "status": "correct"
  },
  {
    "id": 63,
    "question": "预约人名中包含“强”的有多少位？",
    "answer": "@qiang_person_count[4]",
    "status": "correct"
  },
  {
    "id": 64,
    "question": "所有拜访的平均预计成交额是多少？",
    "answer": "@average_expected_deal[264.33]",
    "status": "correct"
  },
  {
    "id": 65,
    "question": "哪位客户被拜访的次数最多？",
    "answer": "@top_visited_client[腾讯]",
    "status": "correct"
  },
  {
    "id": 66,
    "question": "客户等级为 A 的客户有多少位？",
    "answer": "@a_grade_client_count[6]",
    "status": "correct"
  },
  {
    "id": 67,
    "question": "预计成交额最高的一笔拜访是哪位客户？",
    "answer": "@top_deal_client[客户E]",
    "status": "correct"
  },
  {
    "id": 68,
    "question": "所有员工的平均总薪资是多少？",
    "answer": "@average_salary[10561.0]",
    "status": "correct"
  },
  {
    "id": 69,
    "question": "博士学历的员工有多少位？",
    "answer": "@phd_employee_count[2]",
    "status": "correct"
  },
  {
    "id": 70,
    "question": "总薪资最高的员工是谁？",
    "answer": "@top_salary_employee[郑勇]",
    "status": "correct"
  },
  {
    "id": 71,
    "question": "谁是入职时间最早的员工？",
    "answer": "@earliest_employee_id[EDU2015]",
    "status": "correct"
  },
  {
    "id": 72,
    "question": "学校共有多少名教职工？",
    "answer": "@total_teachers[30]",
    "status": "correct"
  },
  {
    "id": 73,
    "question": "工学院共有多少名教职工？",
    "answer": "@engineering_faculty_count[8]",
    "status": "correct"
  },
  {
    "id": 74,
    "question": "入职最早的教职工是谁？",
    "answer": "@earliest_teacher_name[周强]",
    "status": "correct"
  },
  {
    "id": 75,
    "question": "学校有多少名女教职工？",
    "answer": "@female_teacher_count[11]",
    "status": "correct"
  },
  {
    "id": 76,
    "question": "高三(一)班共有多少名学生？",
    "answer": "@total_students[90]",
    "status": "correct"
  },
  {
    "id": 77,
    "question": "高三(一)班学生的数学平均分是多少？",
    "answer": "@average_math_score[111.69]",
    "status": "correct"
  },
  {
    "id": 78,
    "question": "哪位同学语文成绩满分？",
    "answer": "@full_score_chinese[]",
    "status": "correct"
  },
  {
    "id": 79,
    "question": "哪位学生的英语成绩最高？",
    "answer": "@top_english_student[范咏]",
    "status": "correct"
  },
  {
    "id": 80,
    "question": "高三一班学生一模总分平均是多少？",
    "answer": "@average_total_score[246.71]",
    "status": "correct"
  },
  {
    "id": 81,
    "question": "哪位学生作文分数最高？",
    "answer": "@top_composition_student_id[202]",
    "status": "correct"
  },
  {
    "id": 82,
    "question": "谁的英语成绩最低？",
    "answer": "@lowest_english_student_id[201]",
    "status": "correct"
  },
  {
    "id": 83,
    "question": "哪个员工迟到次数最多？",
    "answer": "@most_late_employee_id[EMP1001]",
    "status": "correct"
  },
  {
    "id": 84,
    "question": "哪个员工出勤正常次数最多？",
    "answer": "@most_normal_attendance_id[EMP1000]",
    "status": "correct"
  },
  {
    "id": 85,
    "question": "一共有多少名员工参与了考勤？",
    "answer": "@unique_employee_count[30]",
    "status": "correct"
  },
  {
    "id": 86,
    "question": "哪个员工的总薪酬最高？",
    "answer": "@max_total_salary_employee_id[217]",
    "status": "correct"
  },
  {
    "id": 87,
    "question": "员工的平均绩效评分是多少？",
    "answer": "@mean_performance_score[87.2]",
    "status": "correct"
  },
  {
    "id": 88,
    "question": "哪个部门的请假天数最多？",
    "answer": "@department_most_leaves[IT部]",
    "status": "correct"
  },
  {
    "id": 89,
    "question": "有多少员工的培训次数高于平均水平？",
    "answer": "@above_avg_training_count[10]",
    "status": "correct"
  },
  {
    "id": 90,
    "question": "第一季度中哪个月份的总费用最高？",
    "answer": "@max_month_q1[4月]",
    "status": "correct"
  },
  {
    "id": 91,
    "question": "“人力费用”在全年总共花费了多少？",
    "answer": "@annual_expense_hr[1061.0]",
    "status": "correct"
  },
  {
    "id": 92,
    "question": "哪个费用类别的全年开销最大？",
    "answer": "@max_expense_category[其他费用]",
    "status": "correct"
  },
  {
    "id": 93,
    "question": "第一季度总费用是多少？",
    "answer": "@q1_total_expense[793]",
    "status": "correct"
  },
  {
    "id": 94,
    "question": "客户名称中包含“张”的客户有多少个订单？",
    "answer": "@count_customers_with_zhang[14]",
    "status": "correct"
  },
  {
    "id": 95,
    "question": "待收款总额大于应收总额的订单数是多少？",
    "answer": "@count_overdue_orders[1]",
    "status": "correct"
  },
  {
    "id": 96,
    "question": "已收款总额为 0 的订单比例是多少？",
    "answer": "@zero_payment_ratio[9.41]",
    "status": "correct"
  },
  {
    "id": 97,
    "question": "订单总额的平均值是多少？",
    "answer": "@average_order_amount[222918.97]",
    "status": "correct"
  },
  {
    "id": 98,
    "question": "所有订单的总金额是多少？",
    "answer": "@total_order_amount[812117.23]",
    "status": "correct"
  },
  {
    "id": 99,
    "question": "支付方式为“信用卡”的订单总数是多少？",
    "answer": "@credit_card_orders[8]",
    "status": "correct"
  },
  {
    "id": 100,
    "question": "订单状态为“已退款”的订单总金额是多少？",
    "answer": "@refunded_order_total[118203.82]",
    "status": "correct"
  },
  {
    "id": 101,
    "question": "购买数量最多的一笔订单购买了多少件商品？",
    "answer": "@max_quantity[10]",
    "status": "correct"
  },
  {
    "id": 102,
    "question": "平均基本工资是多少？",
    "answer": "@average_base_salary[15941.87]",
    "status": "correct"
  },
  {
    "id": 103,
    "question": "员工中最年长的是多少岁？",
    "answer": "@oldest_employee_age[59]",
    "status": "correct"
  },
  {
    "id": 104,
    "question": "市场部的平均基本工资是多少？",
    "answer": "@avg_salary_marketing[16721.14]",
    "status": "correct"
  },
  {
    "id": 105,
    "question": "各部门员工人数分别是多少？",
    "answer": "@department_counts[{\"人事部\": 7, \"财务部\": 6, \"销售部\": 6, \"市场部\": 7}]",
    "status": "correct"
  },
  {
    "id": 106,
    "question": "计算所有航班的平均起飞延误时间（分钟）。",
    "answer": "@avg_departure_delay[5.0]",
    "status": "correct"
  },
  {
    "id": 107,
    "question": "统计被取消的航班数量。",
    "answer": "@cancelled_flights[5]",
    "status": "correct"
  },
  {
    "id": 108,
    "question": "找出出现频率最高的飞机机型。",
    "answer": "@most_common_aircraft[空客A350]",
    "status": "correct"
  },
  {
    "id": 109,
    "question": "计算航班准点率（以“准时”状态的航班占总航班的百分比）。",
    "answer": "@on_time_rate[22.5]",
    "status": "correct"
  },
  {
    "id": 110,
    "question": "计算所有员工的平均工作时长（小时）。",
    "answer": "@avg_work_hours[8.08]",
    "status": "correct"
  },
  {
    "id": 111,
    "question": "统计缺勤员工的数量。",
    "answer": "@absent_count[8]",
    "status": "correct"
  },
  {
    "id": 112,
    "question": "哪个部门的出勤率最高？",
    "answer": "@top_attendance_dept[人事部:20.0%]",
    "status": "correct"
  },
  {
    "id": 113,
    "question": "哪位员工的平均工作时长最长？",
    "answer": "@longest_avg_employee[Robert Yu]",
    "status": "correct"
  },
  {
    "id": 114,
    "question": "计算所有产品的总库存价值。",
    "answer": "@total_inventory_value[3531686.33]",
    "status": "correct"
  },
  {
    "id": 115,
    "question": "统计需要补货的产品数量。",
    "answer": "@restock_needed[9]",
    "status": "correct"
  },
  {
    "id": 116,
    "question": "哪个产品的库存数量最少？",
    "answer": "@lowest_stock_product[Measure 仪器]",
    "status": "correct"
  },
  {
    "id": 117,
    "question": "哪个类别的产品平均单价最高？",
    "answer": "@highest_avg_price_category[家居]",
    "status": "correct"
  },
  {
    "id": 118,
    "question": "计算所有货物的总重量（kg）。",
    "answer": "@total_weight[427.3]",
    "status": "correct"
  },
  {
    "id": 119,
    "question": "统计每种当前状态下的订单数量。",
    "answer": "@order_status_count[已揽收:9, 派送中:9, 运输中:8, 异常:7, 已签收:6, 已到达中转站:1]",
    "status": "correct"
  },
  {
    "id": 120,
    "question": "计算订单的平均运费。",
    "answer": "@average_shipping_cost[55.9]",
    "status": "correct"
  },
  {
    "id": 121,
    "question": "哪个承运公司平均运费最高？",
    "answer": "@highest_avg_shipping_carrier[圆通]",
    "status": "correct"
  },
  {
    "id": 122,
    "question": "统计各类预约状态的数量。",
    "answer": "@appointment_status_count[未到诊:15, 改期:14, 已预约:13, 已取消:11, 已就诊:7]",
    "status": "correct"
  },
  {
    "id": 123,
    "question": "统计口腔科的预约总数。",
    "answer": "@dentistry_appointments[14]",
    "status": "correct"
  },
  {
    "id": 124,
    "question": "哪位医生的预约次数最多？",
    "answer": "@most_booked_doctor[Dana Henderson]",
    "status": "correct"
  },
  {
    "id": 125,
    "question": "计算所有患者的平均年龄。",
    "answer": "@average_patient_age[45.05]",
    "status": "correct"
  },
  {
    "id": 126,
    "question": "统计各类型电影的数量。",
    "answer": "@movie_genre_count[动作:6, 恐怖:6, 悬疑:5, 爱情:5, 科幻:3, 动画:3, 喜剧:2]",
    "status": "correct"
  },
  {
    "id": 127,
    "question": "计算所有电影的平均评分。",
    "answer": "@average_movie_rating[7.35]",
    "status": "correct"
  },
  {
    "id": 128,
    "question": "哪部电影的票房最高？",
    "answer": "@highest_grossing_movie[Proactive zero tolerance system engine]",
    "status": "correct"
  },
  {
    "id": 129,
    "question": "计算所有电影的总票房（单位：万）。",
    "answer": "@total_box_office[715466.84]",
    "status": "correct"
  },
  {
    "id": 130,
    "question": "统计每种房源类型的数量。",
    "answer": "@property_type_count[商铺:14, 公寓:10, 土地:9, 别墅:9, 写字楼:8]",
    "status": "correct"
  },
  {
    "id": 131,
    "question": "计算所有房源的平均单价（元/㎡）。",
    "answer": "@average_price_per_sqm[56809.67]",
    "status": "correct"
  },
  {
    "id": 132,
    "question": "计算所有房源的总面积。",
    "answer": "@total_area[8626.1]",
    "status": "correct"
  },
  {
    "id": 133,
    "question": "找出单价最高的房源标题。",
    "answer": "@max_unit_price_title[White newspaper leg contain.]",
    "status": "correct"
  },
  {
    "id": 134,
    "question": "计算所有订单的平均总价。",
    "answer": "@average_total_price[274.33]",
    "status": "correct"
  },
  {
    "id": 135,
    "question": "统计最常被点的菜品名称。",
    "answer": "@most_common_dish[红烧肉]",
    "status": "correct"
  },
  {
    "id": 136,
    "question": "找出订单总价最高的桌号。",
    "answer": "@max_total_price_table[T6]",
    "status": "correct"
  },
  {
    "id": 137,
    "question": "计算所有订单的总数量。",
    "answer": "@total_quantity[135]",
    "status": "correct"
  },
  {
    "id": 138,
    "question": "计算所有订单的平均总金额。",
    "answer": "@average_total_amount[4719.15]",
    "status": "correct"
  },
  {
    "id": 139,
    "question": "找出销售总金额最高的地区。",
    "answer": "@top_region_by_sales[华东]",
    "status": "correct"
  },
  {
    "id": 140,
    "question": "找出销量最高的产品名称。",
    "answer": "@top_selling_product[笔记本电脑]",
    "status": "correct"
  },
  {
    "id": 141,
    "question": "统计所有订单中产品的总购买数量。",
    "answer": "@total_product_quantity[233]",
    "status": "correct"
  },
  {
    "id": 142,
    "question": "计算所有内容的平均点赞数。",
    "answer": "@average_likes[4751.7]",
    "status": "correct"
  },
  {
    "id": 143,
    "question": "找出互动率最高的内容类型。",
    "answer": "@top_content_type_by_engagement[视频]",
    "status": "correct"
  },
  {
    "id": 144,
    "question": "统计每个平台发布的内容数量。",
    "answer": "@platform_content_counts[{\"微信\": 16, \"抖音\": 14, \"微博\": 14, \"B站\": 13, \"快手\": 13, \"小红书\": 10}]",
    "status": "correct"
  },
  {
    "id": 145,
    "question": "找出观看数最高的内容作者。",
    "answer": "@top_view_author[Christopher Callahan]",
    "status": "correct"
  },
  {
    "id": 146,
    "question": "计算所有交易的总交易金额。",
    "answer": "@total_transaction_amount[1365473.41]",
    "status": "correct"
  },
  {
    "id": 147,
    "question": "找出盈亏金额最高的交易ID。",
    "answer": "@max_profit_trade_id[T202507040034]",
    "status": "correct"
  },
  {
    "id": 148,
    "question": "统计每种交易类型的交易数量。",
    "answer": "@trade_type_counts[{\"持有\": 24, \"买入\": 13, \"卖出\": 13}]",
    "status": "correct"
  },
  {
    "id": 149,
    "question": "计算所有交易的平均盈亏比例。",
    "answer": "@average_profit_rate[0.93]",
    "status": "correct"
  },
  {
    "id": 150,
    "question": "找出总分最高的学生姓名。",
    "answer": "@top_score_student_name[James Young]",
    "status": "correct"
  },
  {
    "id": 151,
    "question": "计算所有学生的数学平均分。",
    "answer": "@average_math_score[73.05]",
    "status": "correct"
  },
  {
    "id": 152,
    "question": "统计每个班级的学生数量。",
    "answer": "@class_counts[{\"一班\": 12, \"三班\": 11, \"二班\": 9, \"四班\": 8}]",
    "status": "correct"
  },
  {
    "id": 153,
    "question": "计算物理成绩高于80分的学生人数。",
    "answer": "@physics_above_80_count[16]",
    "status": "correct"
  },
  {
    "id": 157,
    "question": "计算2018年第一季度（1月至3月）TotalUS地区有机鳄梨的最大总销量。",
    "answer": "@max_volume_totalus_2018[1815929.97]",
    "status": "correct"
  },
  {
    "id": 158,
    "question": "找出2015年Atlanta地区常规鳄梨平均价格最低的周。",
    "answer": "@min_price_week_atlanta_2015[2015-09-20]",
    "status": "correct"
  },
  {
    "id": 159,
    "question": "计算2015年Boise地区常规鳄梨小包装占总包装的比例。",
    "answer": "@small_bags_ratio_boise_2015[0.97]",
    "status": "correct"
  },
  {
    "id": 160,
    "question": "计算2018年第一季度（1月至3月）SanFrancisco地区有机鳄梨的价格范围。",
    "answer": "@price_range_sanfrancisco_2018[0.98]",
    "status": "correct"
  },
  {
    "id": 161,
    "question": "计算2015年Albany地区常规鳄梨平均价格与总销量的相关性。",
    "answer": "@correlation_albany_2015[-0.27]",
    "status": "correct"
  },
  {
    "id": 163,
    "question": "找出2018年第一季度（1月至3月）Seattle地区有机鳄梨平均价格最高的周。",
    "answer": "@max_price_week_seattle_2018[2018-01-14]",
    "status": "correct"
  },
  {
    "id": 164,
    "question": "计算订阅定期存款的客户比例。",
    "answer": "@subscription_ratio[0.11]",
    "status": "correct"
  },
  {
    "id": 165,
    "question": "统计客户的职业类型分布比例。",
    "answer": "@job_distribution[admin.:0.25,blue-collar:0.22,technician:0.16,services:0.10,management:0.07,retired:0.04,entrepreneur:0.04,self-employed:0.03,housemaid:0.03,unemployed:0.02,student:0.02,unknown:0.01]",
    "status": "correct"
  },
  {
    "id": 166,
    "question": "计算通话的平均时长。",
    "answer": "@avg_call_duration[258.16]",
    "status": "correct"
  },
  {
    "id": 167,
    "question": "计算各月份通话次数的比例分布。",
    "answer": "@month_call_ratio[may:0.33,jul:0.17,aug:0.15,jun:0.13,nov:0.10,apr:0.06,oct:0.02,sep:0.01,mar:0.01,dec:0.00]",
    "status": "correct"
  },{
    "id": 168,
    "question": "计算乘客的整体生存率。",
    "answer": "@survival_rate[0.38]",
    "status": "correct"
  },
  {
    "id": 169,
    "question": "计算乘客的平均年龄。",
    "answer": "@avg_age[29.70]",
    "status": "correct"
  },
  {
    "id": 170,
    "question": "计算男性和女性乘客的比例。",
    "answer": "@sex_ratio[male:0.65,female:0.35]",
    "status": "correct"
  },
  {
    "id": 171,
    "question": "哪个舱位等级的生存率最高？",
    "answer": "@highest_survival_pclass[1:0.63]",
    "status": "correct"
  },
  {
    "id": 172,
    "question": "计算乘客票价的分布比例。",
    "answer": "@fare_distribution[0-50:0.83,50-100:0.12,100-150:0.03,150-200:0.01,200+:0.01]",
    "status": "correct"
  },
  {
    "id": 173,
    "question": "RM（平均房间数）与房价中位数（MEDV）之间的相关性是多少？",
    "answer": "@corr_rm_medv[0.7]",
    "status": "correct"
  },
  {
    "id": 174,
    "question": "哪个变量与房价中位数（MEDV）的相关性最高？",
    "answer": "@max_corr_medv[LSTAT,-0.74]",
    "status": "correct"
  },
  {
    "id": 175,
    "question": "波士顿房屋的平均年龄是多少？",
    "answer": "@avg_age[68.57]",
    "status": "correct"
  },
  {
    "id": 176,
    "question": "各城镇的师生比（PTRATIO）分布情况如何？",
    "answer": "@ptratio_distribution[{12.6:3,13.0:12,13.6:1,14.4:1,14.7:34,...,22.0:2}]",
    "status": "correct"
  },
  {
    "id": 177,
    "question": "找出房屋中位数价值（MEDV）最高的城镇，并给出该房价。",
    "answer": "@max_medv[50.00]",
    "status": "correct"
  },{
    "id": 178,
    "question": "每场世界杯比赛的平均进球数是多少？",
    "answer": "@avg_goals_per_match[2.83]",
    "status": "correct"
  },
  {
    "id": 179,
    "question": "世界杯比赛中有多少比例以平局结束？",
    "answer": "@draw_match_ratio[0.22]",
    "status": "correct"
  },
  {
    "id": 180,
    "question": "哪个国家赢得世界杯冠军的次数最多？",
    "answer": "@most_titles_country[Brazil,5]",
    "status": "correct"
  },
  {
    "id": 181,
    "question": "每场比赛的观众人数分布情况如何？",
    "answer": "@attendance_distribution[{\"0-20k\":124,\"20k-40k\":272,\"40k-60k\":227,\"60k-80k\":172,\"80k-100k\":38,\"100k+\":17}]",
    "status": "correct"
  },
  {
    "id": 182,
    "question": "世界杯数据集中是否包含球员年龄信息？",
    "answer": "@age_data_status[not available]",
    "status": "correct"
  },{
    "id": 183,
    "question": "这些畅销书的平均用户评分是多少？",
    "answer": "@avg_user_rating[4.62]",
    "status": "correct"
  },
  {
    "id": 184,
    "question": "这些书籍收到的评论数量分布情况如何？",
    "answer": "@review_distribution[{0-500:8,500-2000:51,2000-5000:107,5000-10000:159,10000-20000:119,20000+:106}]",
    "status": "correct"
  },
  {
    "id": 185,
    "question": "哪本书的价格最高？",
    "answer": "@most_expensive_book[Diagnostic and Statistical Manual of Mental Disorders, 5th Edition: DSM-5,105]",
    "status": "correct"
  },
  {
    "id": 186,
    "question": "书籍评分与价格之间是否存在相关性？",
    "answer": "@rating_price_corr[-0.13]",
    "status": "correct"
  },
  {
    "id": 187,
    "question": "不同类型图书（Genre）在数据集中的分布如何？",
    "answer": "@genre_distribution[{\"Non Fiction\":310,\"Fiction\":240}]",
    "status": "correct"
  },{
    "id": 188,
    "question": "完成购买的访客比例是多少？",
    "answer": "@purchase_ratio[0.15]",
    "status": "correct"
  },
  {
    "id": 189,
    "question": "访客访问的页面数量分布情况如何？",
    "answer": "@visit_distribution[{\"(0.0, 5.0]\":2053,\"(5.0, 10.0]\":1631,\"(10.0, 20.0]\":2561,\"(20.0, 30.0]\":1705,\"(30.0, 50.0]\":1969,\"(50.0, 100.0]\":1603,\"(100.0, inf]\":802}]",
    "status": "correct"
  },
  {
    "id": 190,
    "question": "访客在网站上的平均停留时间是多少？",
    "answer": "@avg_stay_time[1310.04]",
    "status": "correct"
  },
  {
    "id": 191,
    "question": "跳出率与完成购买之间是否存在相关性？",
    "answer": "@bounce_revenue_corr[-0.15]",
    "status": "correct"
  },
  {
    "id": 192,
    "question": "访客使用的操作系统分布情况如何？",
    "answer": "@os_distribution[{1:2585,2:6601,3:2555,4:478,5:6,6:19,7:7,8:79}]",
    "status": "correct"
  },{
    "id": 193,
    "question": "Apple 股票的平均日收益率是多少？",
    "answer": "@avg_daily_return[0.0007]",
    "status": "correct"
  },
  {
    "id": 194,
    "question": "Apple 股票每日的交易量分布情况如何？",
    "answer": "@volume_distribution[{\"(0.0, 10000000.0]\":16,\"(10000000.0, 50000000.0]\":356,\"(50000000.0, 100000000.0]\":1071,\"(100000000.0, 200000000.0]\":2938,\"(200000000.0, 500000000.0]\":3669,\"(500000000.0, 1000000000.0]\":1476,\"(1000000000.0, inf]\":489}]",
    "status": "correct"
  },{
    "id": 195,
    "question": "Google 股票的日收益率波动性（标准差）是多少？",
    "answer": "@google_volatility[0.0191]",
    "status": "correct"
  },
  {
    "id": 196,
    "question": "Amazon 股票的历史最高收盘价是多少？是哪一天？",
    "answer": "@amazon_max_close[3225.0,2020-08-06]",
    "status": "correct"
  },
  {
    "id": 197,
    "question": "Netflix 股票每年的平均成交量是多少？",
    "answer": "@netflix_avg_volume_by_year[{2002:5081364,2003:16888972,2004:24017286,2005:10636814,2006:9415647,2007:11300373,2008:11070411,2009:11523811,2010:28281111,2011:44388292,2012:40863788,2013:27443614,2014:19438156,2015:18575888,2016:12836284,2017:6590005,2018:11469625,2019:7857804,2020:8118212}]",
    "status": "correct"
  },{
    "id": 198,
    "question": "该商店在2015年的总销售收入是多少？",
    "answer": "@total_sales[1924337.88]",
    "status": "correct"
  },
  {
    "id": 199,
    "question": "哪一类产品对销售额贡献最大？对应的销售额是多少？",
    "answer": "@top_category_sales[Technology,712264.95]",
    "status": "correct"
  },
  {
    "id": 200,
    "question": "2015年每月的销售趋势如何？",
    "answer": "@monthly_sales[{\"2015-01\":274766.92,\"2015-02\":326101.47,\"2015-03\":271696.67,\"2015-04\":389831.95,\"2015-05\":306572.07,\"2015-06\":355368.8}]",
    "status": "correct"
  },
  {
    "id": 201,
    "question": "哪个地区的销售额最高？哪个最低？",
    "answer": "@region_sales_extreme[East,South]",
    "status": "correct"
  },
  {
    "id": 202,
    "question": "该商店2015年的平均利润率是多少？",
    "answer": "@avg_profit_margin[0.1164]",
    "status": "correct"
  },{
    "id": 203,
    "question": "pH 值与酒精含量之间是否存在相关性？",
    "answer": "@ph_alcohol_corr[0.12]",
    "status": "correct"
  },
  {
    "id": 204,
    "question": "哪种类型的葡萄酒具有更高的中位数质量评分？",
    "answer": "@median_quality_by_type[{Red:6.0,White:6.0}]",
    "status": "correct"
  },
  {
    "id": 205,
    "question": "每种类型葡萄酒的挥发性酸度中位数是多少？",
    "answer": "@median_volatile_acidity[{Red:0.52,White:0.26}]",
    "status": "correct"
  },
  {
    "id": 206,
    "question": "数据集中红葡萄酒和白葡萄酒各自所占比例是多少？",
    "answer": "@wine_type_ratio[{Red:0.25,White:0.75}]",
    "status": "correct"
  },
  {
    "id": 207,
    "question": "每种类型葡萄酒的柠檬酸含量（citric acid）分布情况如何？",
    "answer": "@citric_acid_distribution[{Red:{(0.0, 0.1]:306,(0.1, 0.3]:484,(0.3, 0.5]:487,(0.5, 0.7]:174,(0.7, 1.0]:16},White:{(0.0, 0.1]:80,(0.1, 0.3]:2131,(0.3, 0.5]:2354,(0.5, 0.7]:232,(0.7, 1.0]:80}}]",
    "status": "correct"
  },{
    "id": 208,
    "question": "全球各国的幸福评分分布情况如何？",
    "answer": "@score_distribution[{(0, 3]:7,(3, 5]:291,(5, 6]:250,(6, 7]:161,(7, 8]:72,(8, 10]:0}]",
    "status": "correct"
  },
  {
    "id": 209,
    "question": "哪个国家的幸福评分最高？该值是多少？",
    "answer": "@top_happiness_country[Finland,7.769]",
    "status": "correct"
  },
  {
    "id": 210,
    "question": "人均 GDP 与幸福评分之间的相关性是多少？",
    "answer": "@gdp_score_corr[0.79]",
    "status": "correct"
  },
  {
    "id": 211,
    "question": "影响幸福评分的各项因素的平均值分别是多少？",
    "answer": "@factor_means[{\"GDP per capita\":0.91,\"Social support\":1.08,\"Healthy life expectancy\":0.61,\"Freedom\":0.41,\"Perceptions of corruption\":0.13}]",
    "status": "correct"
  },
  {
    "id": 212,
    "question": "哪一年全球的平均幸福评分最高？对应的评分是多少？",
    "answer": "@top_happiness_year[2019,5.41]",
    "status": "correct"
  }

]